{"N": 34, "area": [0.8967920578104951, 0.7876544877422841, 1.3095157695684474, 1.6430877287769299, -0.5217262105760789, 0.6016883906260553, 1.6631863307894914, 0.7019112581886945, 2.2979131491861957, 0.5420409265887756, 0.7928412237455258, 0.059350307287093944, 0.7204430337002768, 0.01764030526102519, 0.01764030526102519, -0.4823934625514959, -0.28394678192746675, -0.03930573377456608, 0.9229958803268724, 0.6163841426352401, -0.21511447288444654, -0.4407915175254947, -0.01764030526102519, -0.24596474640372798, -0.08550010130343756, 0.1681637063551023, -0.28427095292766935, -0.34748429796717767, -0.30134395893834, -0.057351252785844534, -0.3605591949753495, -0.38184642398865404, -0.16686702235429188, -0.5043830620652394], "time": [-0.888523316638639, -0.888523316638639, -0.888523316638639, -0.888523316638639, -0.888523316638639, -0.888523316638639, -0.888523316638639, -0.888523316638639, -0.888523316638639, -0.888523316638639, -0.888523316638639, -0.888523316638639, -0.888523316638639, -0.888523316638639, -0.888523316638639, -0.888523316638639, -0.888523316638639, -0.888523316638639, -0.888523316638639, 1.125462867742275, 1.125462867742275, 1.125462867742275, 1.125462867742275, 1.125462867742275, 1.125462867742275, 1.125462867742275, 1.125462867742275, 1.125462867742275, 1.125462867742275, 1.125462867742275, 1.125462867742275, 1.125462867742275, 1.125462867742275, 1.125462867742275], "N_hat": 21, "x_hat": [-0.888523316638639, -0.7885233166386391, -0.6885233166386391, -0.5885233166386391, -0.4885233166386391, -0.38852331663863915, -0.28852331663863917, -0.1885233166386392, -0.08852331663863922, 0.011476683361360762, 0.11147668336136074, 0.2114766833613606, 0.3114766833613607, 0.4114766833613608, 0.5114766833613607, 0.6114766833613605, 0.7114766833613606, 0.8114766833613607, 0.9114766833613606, 1.0114766833613604, 1.1114766833613605]}